<?xml version="1.0" encoding="UTF-8"?>
<project-private xmlns="http://www.netbeans.org/ns/project-private/1">
    <editor-bookmarks xmlns="http://www.netbeans.org/ns/editor-bookmarks/2" lastBookmarkId="0"/>
    <open-files xmlns="http://www.netbeans.org/ns/projectui-open-files/2">
        <group>
            <file>file:/C:/xampp_2/htdocs/Himage/v1.0/images/photos/UploadHandler.php</file>
            <file>file:/C:/xampp_2/htdocs/Himage/v1.0/images/photos/index.php</file>
            <file>file:/C:/xampp_2/htdocs/Himage/v1.0/admin/photos/upload_ajax.php</file>
            <file>file:/C:/xampp_2/htdocs/Himage/v1.0/images/photos/CustomUploadHandler.php</file>
            <file>file:/C:/xampp_2/htdocs/Himage/v1.0/admin/photos/js/main.js</file>
        </group>
    </open-files>
</project-private>
